{
  "trajectory_length": 60,
  "sampling_interval": 0.016,
  "real_hole_pose": [
    0.424488,
    0.010449,
    0.0428629,
    1,
    0,
    0,
    0
  ],
  "start_pose_limits": [
    [
      0.422488,
      0.008449,
      0.0433629,
      1,
      0,
      0,
      0
    ],
    [
      0.426488,
      0.012449,
      0.0433629,
      1,
      0,
      0,
      0
    ]
  ],
  "mlrc": {
    "input_range": [
      [
        0.0,
        0.0,
        -0.002,
        1.0,
        0.0,
        0.0,
        0.0,
        0.5,
        5.0,
        0.01,
        0.01
      ],
      [
        0.0,
        0.0,
        -0.002,
        1.0,
        0.0,
        0.0,
        0.0,
        0.5,
        5.0,
        0.2,
        0.2
      ]
    ],
    "limits_x": [
      [
        -1.0,
        -1.0,
        -1.003,
        0.0,
        -1.0,
        -1.0,
        -1.0,
        0.0,
        4.0,
        0.0,
        0.0
      ],
      [
        1.0,
        1.0,
        1.003,
        2.0,
        1.0,
        1.0,
        1.0,
        2.0,
        6.0,
        0.2,
        0.2
      ]
    ],
    "limits_x_ga": [
      [
        0.0,
        0.0,
        0.003,
        1.0,
        0.0,
        0.0,
        0.0,
        1.0,
        5.0,
        0.1,
        0.1
      ],
      [
        0.0,
        0.0,
        0.003,
        1.0,
        0.0,
        0.0,
        0.0,
        1.0,
        5.0,
        0.1,
        0.1
      ]
    ],
    "limits_s": [
        [
          0.422488,
          0.008449,
          0.0408629,
          0,
          -1,
          -1,
          -1
        ],
        [
          0.426488,
          0.012449,
          0.0448629,
          2,
          1,
          1,
          1
        ]
    ],
    "limits_Y": [
        [
          0.0,
          0.0,
          0.422488,
          0.008449,
          0.0408629,
          0,
          -1,
          -1,
          -1,
          -5.0,
          -5.0,
          -5.0,
          -5.0,
          -5.0,
          -5.0
        ],
        [
          1.0,
          1.0,
          0.426488,
          0.012449,
          0.0448629,
          2,
          1,
          1,
          1,
          10.0,
          10.0,
          10.0,
          5.0,
          5.0,
          5.0
        ]
    ]
  },
  "ml": {
    "limits_x": [
    [
      0.422488,
      0.008449,
      0.0408629,
      0,
      -1,
      -1,
      -1,
      0.01,
      0.01
    ],
    [
      0.426488,
      0.012449,
      0.0448629,
      2,
      1,
      1,
      1,
      0.2,
      0.2
    ]
  ],
    "limits_x_ga": [
    [
      0.422488,
      0.008449,
      0.0428629,
      1.0,
      0.0,
      0.0,
      0.0,
      0.01,
      0.01
    ],
    [
      0.426488,
      0.012449,
      0.0428629,
      1.0,
      0.0,
      0.0,
      0.0,
      0.2,
      0.2
    ]
    ],
    "limits_s": [
        [
      0.422488,
      0.008449,
      0.0408629,
          0,
          -1,
          -1,
          -1
        ],
        [
      0.426488,
      0.012449,
      0.0448629,
          2,
          1,
          1,
          1
        ]
    ],
    "limits_Y": [
        [
          0.0,
          0.0,
          0.422488,
          0.008449,
          0.0408629,
          0,
          -1,
          -1,
          -1,
          -5.0,
          -5.0,
          -5.0,
          -5.0,
          -5.0,
          -5.0
        ],
        [
          1.0,
          1.0,
          0.426488,
          0.012449,
          0.0448629,
          2,
          1,
          1,
          1,
          10.0,
          10.0,
          10.0,
          5.0,
          5.0,
          5.0
        ]
    ]
  },
  "spike_search_parameters": {
    "num_spikes": 16,
    "min_depth_limits": [-0.002, -0.002],
    "max_depth_limits": [-0.003, -0.003],
    "min_force_limits": [1.0, 1.0],
    "max_force_limits": [3.0, 3.0],
    "vel_limits": [0.01, 0.02],
    "acc_limits": [0.2, 0.4]
  },
  "grid_limits": [
    [
      -0.001,
      -0.0005
    ],
    [
      0.0005,
      0.001
    ]
  ],
  "point_to_rotation_z_limits": [
    -1.5707963,
    1.5707963
  ],
  "hole_parameters": {
    "pos_x": [
      0.423488,
      0.425488
    ],
    "pos_y": [
      0.009449,
      0.011449
    ],
    "radius": 0.0005
  },
  "physics": {
    "force_generation": {
      "move_linear_relative": {
        "ft_sensor_noise": {
          "distribution": {
            "x": [
              0,
              0.1
            ],
            "y": [
              0,
              0.1
            ],
            "z": [
              0,
              0.1
            ],
            "mx": [
              0,
              0.5
            ],
            "my": [
              0,
              0.5
            ],
            "mz": [
              0,
              0.5
            ]
          }
        },
        "position_encoder_noise": {
          "distribution": {
            "x": [
              0,
              0.00003
            ],
            "y": [
              0,
              0.00003
            ],
            "z": [
              0,
              0.00003
            ],
            "rx": [
              0,
              0.00003
            ],
            "ry": [
              0,
              0.00003
            ],
            "rz": [
              0,
              0.00003
            ]
          }
        }
      },
      "move_linear": {
        "ft_sensor_noise": {
          "distribution": {
            "x": [
              0,
              0.1
            ],
            "y": [
              0,
              0.1
            ],
            "z": [
              0,
              0.1
            ],
            "mx": [
              0,
              0.5
            ],
            "my": [
              0,
              0.5
            ],
            "mz": [
              0,
              0.5
            ]
          }
        },
        "position_encoder_noise": {
          "distribution": {
            "x": [
              0,
              0.00003
            ],
            "y": [
              0,
              0.00003
            ],
            "z": [
              0,
              0.00003
            ],
            "rx": [
              0,
              0.00003
            ],
            "ry": [
              0,
              0.00003
            ],
            "rz": [
              0,
              0.00003
            ]
          }
        }
      }
    },
    "spring_constant": 5000.0,
    "braking_deceleration": 5.0
  }
}